Name,Set code,Set name,Collector number,Foil,Rarity,Quantity,ManaBox ID,Scryfall ID,Purchase price,Misprint,Altered,Condition,Language,Purchase price currency
Flooded Strand,ZNE,Zendikar Rising Expeditions,1,normal,mythic,1,54690,acc4115b-4bbb-4bb7-81c6-466130982a9c,52.09,false,false,near_mint,en,CAD
Black Market Connections,CLB,Commander Legends: Battle for Baldur's Gate,669,normal,rare,1,69664,d13cb0d3-3452-4c1f-81ec-024b4c45bbad,31.53,false,false,near_mint,en,CAD
Resculpt,STX,Strixhaven: School of Mages,51,foil,common,1,58018,1bfb1fcb-a411-4c1c-b8fc-496242ae3a9b,2.04,false,false,near_mint,en,CAD
Mox Opal,2XM,Double Masters,362,foil,mythic,1,51892,547e3aa5-d88a-4418-ab9d-dd65385f031b,521.07,false,false,near_mint,en,CAD
City of Brass,2X2,Double Masters 2022,403,foil,rare,1,70353,869ec7dc-dbf5-4ed4-a368-328da384ecae,54.84,false,false,near_mint,en,CAD
Faerie Artisans,CMM,Commander Masters,92,foil,rare,1,85015,eaada60d-1857-4fc2-a997-d7775565221a,4.1,false,false,near_mint,en,CAD
Demonic Tutor,STA,Strixhaven Mystical Archive,90,etched,mythic,1,58446,99b6e466-784b-48a6-8e72-beff72f39231,315.38,false,false,near_mint,en,CAD
Exotic Orchard,SLD,Secret Lair Drop,1231,foil,rare,1,79016,b07baf1d-a399-478e-9ae1-0a9e6cfe4933,65.81,false,false,near_mint,en,CAD
Diabolic Intent,MP2,Amonkhet Invocations,22,foil,special,1,5816,6b34a328-8d6a-4baf-99de-c8b050b23e10,130.26,false,false,near_mint,en,CAD
Dimir Signet,SLD,Secret Lair Drop,287,etched,rare,1,59991,35148573-7788-4023-a63c-4a09f48273c1,38.38,false,false,near_mint,en,CAD
Damn,MH2,Modern Horizons 2,80,foil,rare,1,59873,efeae088-9ac5-4d2f-a15c-d8675a471ac5,6.84,false,false,near_mint,en,CAD
Dark Ritual,SLD,Secret Lair Drop,1170,foil,rare,1,77210,6e169f68-d336-429d-bdd0-f034a53391a3,274.24,false,false,near_mint,en,CAD
Deadly Rollick,CMM,Commander Masters,695,foil,rare,1,84692,a30c266d-579e-4757-a4d6-6722fa343a6c,82.26,false,false,near_mint,en,CAD
Phyrexian Altar,INV,Invasion,306,normal,rare,1,33027,25158cd5-749b-408c-9ab1-0f83e38730f7,82.26,false,false,near_mint,en,CAD
Dramatic Reversal,KLD,Kaladesh,44,normal,common,1,7599,dcb59045-2743-48ae-8063-727e551b1c41,1.36,false,false,near_mint,en,CAD
Sea of Clouds,ZNE,Zendikar Rising Expeditions,16,normal,mythic,1,54704,b2471873-45e1-4a54-805c-84e65a00e29a,52.09,false,false,near_mint,en,CAD
Ocelot Pride,MH3,Modern Horizons 3,322,normal,mythic,1,94810,c86b8a75-9e31-4a44-95b8-c83b9a49646f,116.55,false,false,near_mint,en,CAD
Grim Tutor,SLD,Secret Lair Drop,365,foil,mythic,1,64697,3be03def-6e43-4420-8380-8f4e5cf39500,47.98,false,false,near_mint,en,CAD
Tezzeret the Seeker,DDF,Duel Decks: Elspeth vs. Tezzeret,39,foil,mythic,1,21078,e5250db5-6dfc-46ef-a6f7-198a3e0594cc,38.38,false,false,near_mint,en,CAD
Brainstorm,STA,Strixhaven Mystical Archive,76,normal,rare,1,58462,c6118d1d-28c1-4f54-97cb-c4f934b6739c,20.56,false,false,near_mint,en,CAD
Watery Grave,UNF,Unfinity,278,foil,rare,1,72816,81706879-ec5d-4b17-b4bc-5f7cb37557a5,52.09,false,false,near_mint,en,CAD
Azorius Signet,SLD,Secret Lair Drop,286,etched,rare,1,60019,e7e4da73-2faa-4992-8f61-e668ce82ba17,26.04,false,false,near_mint,en,CAD
Talisman of Progress,SLD,Secret Lair Drop,1052,etched,rare,1,71172,7333e089-dc31-4c2f-9230-c2033d95c7e6,47.98,false,false,near_mint,en,CAD
Monologue Tax,C21,Commander 2021,19,normal,rare,1,58723,e9449f23-6a14-453b-8bb6-5cf85ed7a851,8.21,false,false,near_mint,en,CAD
Scalding Tarn,MH2,Modern Horizons 2,478,foil,rare,1,58962,229ecfc9-8d6b-4fdb-9001-64dc3e4e7a3f,68.55,false,false,near_mint,en,CAD
Nadir Kraken,MOC,March of the Machine Commander,228,normal,rare,1,81762,7b527219-1ed6-4977-a48f-56fec984ec43,0.81,false,false,near_mint,en,CAD
Grim Hireling,AFC,Forgotten Realms Commander,25,normal,rare,1,60530,08c6872d-4cb5-4a59-b1dd-38c107906660,41.12,false,false,near_mint,en,CAD
Isochron Scepter,V10,From the Vault: Relics,3,foil,mythic,1,21129,c6b7a27e-a275-4af2-84f6-a51f3120bdae,34.27,false,false,near_mint,en,CAD
Talisman of Dominance,SLD,Secret Lair Drop,1053,etched,rare,1,71178,8b5713b7-f2a6-41c5-a485-058b7393570b,89.12,false,false,near_mint,en,CAD
Forbidden Orchard,2X2,Double Masters 2022,405,foil,rare,1,70153,36dd80b6-28ff-488a-bc39-fb661da52e30,16.44,false,false,near_mint,en,CAD
Training Grounds,MAT,March of the Machine: The Aftermath,59,foil,rare,1,82626,c6f673a7-961d-4ba3-bfc5-46107af46a61,12.33,false,false,near_mint,en,CAD
Windswept Heath,ZNE,Zendikar Rising Expeditions,5,foil,mythic,1,54579,63c59228-c742-4abd-b4d7-9f7880190e95,89.12,false,false,near_mint,en,CAD
Misty Rainforest,MH2,Modern Horizons 2,477,foil,rare,1,58963,23d8e67a-5150-4782-98d1-da2ca79607ad,82.26,false,false,near_mint,en,CAD
Smothering Tithe,2X2,Double Masters 2022,342,foil,rare,1,70497,ca736b62-9b02-49bf-8abd-5de6c4bf0ab0,102.83,false,false,near_mint,en,CAD
Saw in Half,BLC,Bloomburrow Commander,113,normal,rare,1,96382,90f8de01-c1bd-4533-9e98-61e7d25dcf88,7.53,false,false,near_mint,en,CAD
Orzhov Signet,SLD,Secret Lair Drop,294,etched,rare,1,60002,7072b7b7-7ca1-4106-a9b2-49cde7c47faa,21.93,false,false,near_mint,en,CAD
"Lotho, Corrupt Shirriff",LTR,The Lord of the Rings: Tales of Middle-earth,213,foil,rare,1,83515,ce01ff8f-a037-484f-9148-c847ffaabc5a,19.18,false,false,near_mint,en,CAD
Malachite Golem,MRD,Mirrodin,202,normal,common,1,29843,d1193164-5ee5-40ff-b244-f80d426bbf89,0.48,false,false,near_mint,en,CAD
Bloodstained Mire,KTK,Khans of Tarkir,230,normal,rare,1,13168,7f430794-0d86-4f6a-97e0-4bbb6716d613,28.78,false,false,near_mint,en,CAD
Ranger-Captain of Eos,MH1,Modern Horizons,21,normal,mythic,1,44913,af3928b4-813a-4120-8799-de34235d60ac,31.53,false,false,near_mint,en,CAD
Wishclaw Talisman,ELD,Throne of Eldraine,110,normal,rare,1,46228,07c17b01-ee5d-491a-8403-b3f819b778c4,6.84,false,false,near_mint,en,CAD
Vault of Whispers,SLD,Secret Lair Drop,302,foil,rare,1,63994,2320e6f4-ff1f-4c07-86b7-ee0e7904a573,34.27,false,false,near_mint,en,CAD
Blind Obedience,SLD,Secret Lair Drop,1030,normal,rare,1,74506,0b387332-5725-40c2-abf5-2562038e85a3,52.09,false,false,near_mint,en,CAD
Sol Ring,SLD,Secret Lair Drop,1664,foil,rare,1,96567,5b9fe249-9bda-462b-922c-f01c904c233a,23.3,false,false,near_mint,en,CAD
Urza's Saga,MH2,Modern Horizons 2,259,normal,rare,1,59025,c1e0f201-42cb-46a1-901a-65bb4fc18f6c,61.69,false,false,near_mint,en,CAD
Talisman of Hierarchy,SLD,Secret Lair Drop,1057,etched,rare,1,71164,36168640-0708-4d51-bc8e-d32e24ae095a,27.41,false,false,near_mint,en,CAD
Misdirection,SLD,Secret Lair Drop,1272,foil,rare,1,82180,13fe1eff-e475-4949-9914-c49cb15ec433,58.95,false,false,near_mint,en,CAD
Ashnod's Altar,CHR,Chronicles,92,normal,common,1,39334,d5e1a75e-1369-4f28-bb7d-e7ea2e6087e9,21.93,false,false,near_mint,en,CAD
Verdant Catacombs,MH2,Modern Horizons 2,479,normal,rare,1,59028,c7057b04-e22f-4e33-9f08-b9fbd2e54bf5,52.09,false,false,near_mint,en,CAD
Godless Shrine,UNF,Unfinity,282,foil,rare,1,72860,9e739c7e-cc16-4557-836f-fdec53a7ed8c,45.24,false,false,near_mint,en,CAD
Polluted Delta,ZNE,Zendikar Rising Expeditions,2,normal,mythic,1,54759,d052d99b-b1ca-44da-8460-c022d041d665,54.84,false,false,near_mint,en,CAD
Windfall,P30A,30th Anniversary Play Promos,6,foil,rare,1,72241,384f886f-691c-484d-90e2-02201ea488ee,8.9,false,false,near_mint,en,CAD
An Offer You Can't Refuse,SLP,Secret Lair Promo,7,normal,rare,1,83712,134200c4-88af-4772-9031-a59669e8c2ec,13.7,false,false,near_mint,en,CAD
Spire of Industry,NEC,Neon Dynasty Commander,178,normal,rare,1,67076,db4f8604-4c00-4efa-819f-f643a78e4119,0.67,false,false,near_mint,en,CAD
Swords to Plowshares,SLD,Secret Lair Drop,364,etched,rare,1,64703,68357502-cf23-4bf6-ab4e-371428e540d0,61.69,false,false,near_mint,en,CAD
Basalt Monolith,2XM,Double Masters,232,foil,uncommon,1,52077,f79de5e7-1545-420c-bfe1-ee2444fca85b,9.59,false,false,near_mint,en,CAD
Lotus Petal,V09,From the Vault: Exiled,7,foil,mythic,1,23087,9814d8e8-c462-41ca-9909-1c659f488543,130.26,false,false,near_mint,en,CAD
Mystic Remora,SLD,Secret Lair Drop,406,foil,rare,1,69978,bf76c6a4-d6e8-4d50-b65f-020252f7b659,130.26,false,false,near_mint,en,CAD
Ancient Den,SLD,Secret Lair Drop,300,foil,rare,1,64032,d1f4c301-6015-456a-8989-e0055402809e,26.04,false,false,near_mint,en,CAD
"Shorikai, Genesis Engine",NEC,Neon Dynasty Commander,4,foil,mythic,1,66947,969ac7dd-f3aa-4888-9ff0-d16a31b5e7a9,4.79,false,false,near_mint,en,CAD
Deep Gnome Terramancer,CLB,Commander Legends: Battle for Baldur's Gate,658,normal,rare,1,69655,cc75f9f1-5873-450f-a0b2-871b55036954,16.44,false,false,near_mint,en,CAD
Faerie Mastermind,MOM,March of the Machine,58,foil,rare,1,80447,52d3005f-a1c7-4ef5-911f-ccc0752f4181,34.27,false,false,near_mint,en,CAD
Orcish Bowmasters,LTR,The Lord of the Rings: Tales of Middle-earth,433,foil,rare,1,83577,de2de055-5246-408b-80fe-cd01688c145e,89.12,false,false,near_mint,en,CAD
Mind Stone,DCI,DCI Promos,11,foil,rare,1,26542,679d884f-4511-4267-89b9-9d350255ef32,15.07,false,false,near_mint,en,CAD
Beseech the Mirror,WOE,Wilds of Eldraine,82,foil,mythic,1,85274,18c59776-e1f1-4197-a128-db1d603f56b7,41.12,false,false,near_mint,en,CAD
Vault of Champions,CMM,Commander Masters,436,normal,rare,1,84873,cafd7db6-b04e-4fa2-bccd-981211132a93,26.04,false,false,near_mint,en,CAD
Fellwar Stone,SLD,Secret Lair Drop,708,etched,rare,1,75228,228933f3-3bca-4417-ab8a-5ccd19829c69,28.78,false,false,near_mint,en,CAD
Mana Drain,CMR,Commander Legends,80,normal,mythic,1,55858,ba874c0c-f66f-4edc-9859-40273487aef0,89.12,false,false,near_mint,en,CAD
Swan Song,SLD,Secret Lair Drop,91,normal,rare,1,50460,40fc6412-df1c-4bfa-842b-8c3a6f14e19d,30.15,false,false,near_mint,en,CAD
Charismatic Conqueror,LCC,The Lost Caverns of Ixalan Commander,70,normal,rare,1,88515,599c934d-bfff-43ce-a545-6e3cde124515,24.67,false,false,near_mint,en,CAD
Recruiter of the Guard,CN2,Conspiracy: Take the Crown,22,normal,rare,1,8075,bb9ad57f-cca2-4717-a951-cbe3c7782efe,15.07,false,false,near_mint,en,CAD
Amphibian Downpour,MH3,Modern Horizons 3,449,normal,rare,1,94629,d2c2d9f8-e5cb-4783-b314-df2b6f75b154,5.47,false,false,near_mint,en,CAD
Morphic Pool,ZNE,Zendikar Rising Expeditions,17,normal,mythic,1,54731,be6604df-0888-420d-957e-93cf3d770a9e,54.84,false,false,near_mint,en,CAD
The Meathook Massacre,MID,Innistrad: Midnight Hunt,348,normal,mythic,1,63239,52593d64-182f-45ff-82c6-fb7649d36736,52.09,false,false,near_mint,en,CAD
"Otawara, Soaring City",NEO,Kamigawa: Neon Dynasty,414,normal,rare,1,66583,9e99599e-c594-42c6-b9e3-4dbb8e982f88,54.84,false,false,near_mint,en,CAD
Arcane Signet,SLD,Secret Lair Drop,589,etched,rare,1,60595,2ac9fdee-ad50-486a-9fde-4aba6848a6c6,30.15,false,false,near_mint,en,CAD
Arid Mesa,MH2,Modern Horizons 2,436,foil,rare,1,58984,716c415e-5eb8-4644-ac64-5ba7c3f0ea65,61.69,false,false,near_mint,en,CAD
Esper Sentinel,MH2,Modern Horizons 2,328,foil,rare,1,59601,676758ee-dac8-4c97-8a62-fff25bcbb6df,123.4,false,false,near_mint,en,CAD
Mana Confluence,JOU,Journey into Nyx,163,normal,rare,1,14486,504a69eb-3c2d-4bb1-b117-252b15acf0c2,52.09,false,false,near_mint,en,CAD
Hallowed Fountain,UNF,Unfinity,277,foil,rare,1,72620,029eaaa9-e45e-4c50-a03d-ad67e3dfcc3e,75.41,false,false,near_mint,en,CAD
Pongify,TSR,Time Spiral Remastered,79,normal,uncommon,1,57775,a1501dea-4e0e-49b0-86b5-e8a01f77077d,5.47,false,false,near_mint,en,CAD
Rapid Hybridization,SLD,Secret Lair Drop,1126,foil,rare,1,77317,423ed9cd-94d9-49a1-a167-69899b630f95,23.3,false,false,near_mint,en,CAD
Phyrexian Tower,USG,Urza's Saga,322,normal,rare,1,35646,4f915cf0-6273-4896-bf24-fb0ec17b6096,75.41,false,false,near_mint,en,CAD
Seat of the Synod,SLD,Secret Lair Drop,301,foil,rare,1,64036,ea58393a-7d69-4f99-90b7-ef6f31e4c80b,58.95,false,false,near_mint,en,CAD
Marsh Flats,ZNE,Zendikar Rising Expeditions,6,foil,mythic,1,54669,9e1e76a2-ec37-4fd8-8185-f98f675ff0cb,102.83,false,false,near_mint,en,CAD
Command Tower,SLD,Secret Lair Drop,1666,foil,rare,1,96582,ec750874-33fb-44d6-915e-ba0ece9bef74,17.81,false,false,near_mint,en,CAD
Marneus Calgar,40K,"Warhammer 40,000 Commander",175,foil,mythic,1,72565,eda1fe2f-8a95-4690-ade7-13a5b7f58233,19.18,false,false,near_mint,en,CAD
Access Tunnel,STX,Strixhaven: School of Mages,262,normal,uncommon,1,58375,edf8eb51-9643-4c54-b38e-e7abea92bbe1,1.36,false,false,near_mint,en,CAD
Prismatic Vista,MH1,Modern Horizons,244,normal,rare,1,44690,e37da81e-be12-45a2-9128-376f1ad7b3e8,54.84,false,false,near_mint,en,CAD
Spara's Headquarters,SNC,Streets of New Capenna,257,normal,rare,1,67828,7363f1fb-9af3-4212-921f-d59533faf0e5,31.53,false,false,near_mint,en,CAD
Hall of the Bandit Lord,SLD,Secret Lair Drop,427,foil,rare,1,67286,1b0d75ad-82a9-4145-ba3c-df4a86bd91d7,31.53,false,false,near_mint,en,CAD
Halimar Depths,DDM,Duel Decks: Jace vs. Vraska,36,normal,common,1,14714,d017b08e-4f52-4599-9037-73113b36fec8,1.08,false,false,near_mint,en,CAD
Selesnya Sanctuary,2X2,Double Masters 2022,411,foil,uncommon,1,70178,41907913-2308-4d76-b737-216088ce0d57,4.1,false,false,near_mint,en,CAD
Choked Estuary,MIC,Midnight Hunt Commander,169,normal,rare,1,63635,843c932a-e91c-49f2-bbd2-3a1ff4faa0f8,0.95,false,false,near_mint,en,CAD
Faceless Haven,PKHM,Kaldheim Promos,255p,normal,rare,1,57414,9a07c63b-10da-4685-9380-e14dfc55092a,1.08,false,false,near_mint,en,CAD
Tree of Tales,MRD,Mirrodin,285,normal,common,1,29760,94db07aa-43d3-41b5-924e-60f1756b9c69,2.73,false,false,near_mint,en,CAD
Shifting Woodland,MH3,Modern Horizons 3,357,normal,rare,1,94525,890e97b5-6750-4fae-8481-1244e311da7e,19.18,false,false,near_mint,en,CAD
Mutavault,CLB,Commander Legends: Battle for Baldur's Gate,903,normal,rare,1,69516,52cc2f10-142d-4e6a-984e-b25f566cc960,8.21,false,false,near_mint,en,CAD
Myriad Landscape,CMR,Commander Legends,487,normal,uncommon,1,55687,5538f54e-81dc-4396-9d47-3087df16b630,0.95,false,false,near_mint,en,CAD
Mount Doom,LTR,The Lord of the Rings: Tales of Middle-earth,343,normal,mythic,1,83612,e9a087f9-57c3-4743-b03b-7bfd2b86eefd,13.01,false,false,near_mint,en,CAD
Urza's Tower,2XM,Double Masters,331,normal,common,1,51965,9e369f3f-354b-42bf-9b2f-286912730c6c,1.77,false,false,near_mint,en,CAD
Urza's Power Plant,2XM,Double Masters,330,normal,common,1,51890,54445d1f-5426-47e9-9e02-0274cea7174f,1.36,false,false,near_mint,en,CAD
Shadowblood Ridge,DSC,Duskmourn: House of Horror Commander,296,normal,rare,1,99361,d7af1d6b-ff13-4886-a212-4a6e09153475,0.67,false,false,near_mint,en,CAD
Guildless Commons,CMR,Commander Legends,351,normal,uncommon,1,55886,c6c8d290-b5d2-412c-8db9-5a6246f430e8,3.14,false,false,near_mint,en,CAD
Mishra's Factory,2XM,Double Masters,323,foil,uncommon,1,52136,59b6fe0c-7bbe-433f-8400-4be4ce0e3f15,0.67,false,false,near_mint,en,CAD
Ancient Ziggurat,CON,Conflux,141,normal,uncommon,1,23588,0348247d-0a70-4961-8590-9de41386c69b,4.1,false,false,near_mint,en,CAD
Training Center,CMR,Commander Legends,358,normal,rare,1,55836,b15c58c0-4d42-488e-bb9d-7a550d9ea5e6,23.3,false,false,near_mint,en,CAD
Hengegate Pathway // Mistgate Pathway,KHM,Kaldheim,260,normal,rare,1,56950,7ef37cb3-d803-47d7-8a01-9c803aa2eadc,8.9,false,false,near_mint,en,CAD
Reliquary Tower,SLD,Secret Lair Drop,695,foil,rare,1,71139,ffb1ddf8-7a58-4440-9b60-ba77e12e7a0e,109.69,false,false,near_mint,en,CAD
Opal Palace,CMR,Commander Legends,352,normal,common,1,56058,47d68a79-00b5-453f-9fdc-92d9dbfb90b2,0.48,false,false,near_mint,en,CAD
Secluded Courtyard,NEO,Kamigawa: Neon Dynasty,275,normal,uncommon,1,66321,0539b1a5-8704-476f-ba1f-2fe01190e157,1.08,false,false,near_mint,en,CAD
Unclaimed Territory,MIC,Midnight Hunt Commander,187,normal,uncommon,1,63545,053ce80a-1f32-4982-8d23-d1e313e925a4,0.67,false,false,near_mint,en,CAD
Wasteland,LTC,Tales of Middle-earth Commander,376,normal,mythic,1,83242,829bbc9b-9185-4d9b-8e4e-9f04ece48fff,45.24,false,false,near_mint,en,CAD
Cabal Coffers,LTC,Tales of Middle-earth Commander,360,foil,mythic,1,83358,a2e5e26d-f211-4c0f-8fe0-611e22e8cc8f,82.26,false,false,near_mint,en,CAD
Mortuary Mire,CLB,Commander Legends: Battle for Baldur's Gate,900,normal,common,1,69407,058f30e5-64a9-4d6b-b7a6-0fd95d460cae,0.48,false,false,near_mint,en,CAD
Rogue's Passage,CMM,Commander Masters,426,normal,uncommon,1,84315,481c877e-0188-427f-8de2-25ad82d7cadb,1.36,false,false,near_mint,en,CAD
Barad-dûr,LTR,The Lord of the Rings: Tales of Middle-earth,340,foil,rare,1,83397,b0b2b1ca-c05d-443a-af59-e608ffa251bf,4.79,false,false,near_mint,en,CAD
Field of the Dead,M20,Core Set 2020,247,normal,rare,1,45213,470ca3f4-29aa-4c4c-8ff2-8cdd70c69943,54.84,false,false,near_mint,en,CAD
"Urborg, Tomb of Yawgmoth",M15,Magic 2015,248,normal,rare,1,13604,fa48b15c-7312-4f3f-b7aa-b2ad98234bf1,102.83,false,false,near_mint,en,CAD
Darkbore Pathway // Slitherbore Pathway,KHM,Kaldheim,254,normal,rare,1,56968,87a4e5fe-161f-42da-9ca2-67c8e8970e94,8.9,false,false,near_mint,en,CAD
Rakdos Carnarium,2X2,Double Masters 2022,410,foil,uncommon,1,70561,e197d420-fc69-4672-90f0-2264f35d1c61,4.79,false,false,near_mint,en,CAD
Scavenger Grounds,OTC,Outlaws of Thunder Junction Commander,316,normal,rare,1,93689,707d733d-2928-4215-91d2-1340fc9ee903,1.08,false,false,near_mint,en,CAD
Tainted Peak,AFC,Forgotten Realms Commander,266,normal,uncommon,1,60894,e5dd195d-6f81-4ff8-b950-455ab462ec7d,1.36,false,false,near_mint,en,CAD
Maze of Ith,2XM,Double Masters,322,normal,rare,1,51925,78114f25-f40a-4e2e-bf89-29ea9b3500e2,19.18,false,false,near_mint,en,CAD
Gemstone Mine,WTH,Weatherlight,164,normal,uncommon,1,37133,09507f7f-c58f-4f57-b878-b39811a5b619,12.33,false,false,near_mint,en,CAD
Blightstep Pathway // Searstep Pathway,KHM,Kaldheim,252,normal,rare,1,56747,0ce39a19-f51d-4a35-ae80-5b82eb15fcff,10.96,false,false,near_mint,en,CAD
Rockfall Vale,MID,Innistrad: Midnight Hunt,284,normal,rare,1,63210,3bfcc5d4-babd-4b66-95fa-c5ec6c49e93a,7.53,false,false,near_mint,en,CAD
Caves of Koilos,DMU,Dominaria United,378,foil,rare,1,71538,7328a565-966d-4053-b32b-25bdce031d9f,8.21,false,false,near_mint,en,CAD
Sunken Ruins,2XM,Double Masters,326,normal,rare,1,51950,9181d30d-4f8e-421f-89b8-149ed8000fb2,15.07,false,false,near_mint,en,CAD
Luxury Suite,CLB,Commander Legends: Battle for Baldur's Gate,355,foil,rare,1,67512,6fc5fc38-4054-4663-9061-df5455788c4a,52.09,false,false,near_mint,en,CAD
"Oboro, Palace in the Clouds",LTC,Tales of Middle-earth Commander,371,foil,mythic,1,82928,22b7f560-ef32-496e-ac22-e1b725d08a08,38.38,false,false,near_mint,en,CAD
Spectator Seating,CMR,Commander Legends,356,normal,rare,1,55616,2f6f1453-fe93-4a29-965c-5f867a81e8b3,27.41,false,false,near_mint,en,CAD
Raucous Theater,PMKM,Murders at Karlov Manor Promos,266p,foil,rare,1,91462,47babae6-c131-4ab5-9eea-6bbb7a76e9ff,38.38,false,false,near_mint,en,CAD
Breeding Pool,UNF,Unfinity,286,foil,rare,1,72820,830eb270-f7aa-4694-8fe1-7c19e148a39f,47.98,false,false,near_mint,en,CAD
Seraph Sanctuary,SLD,Secret Lair Drop,733,foil,rare,1,82699,ff491659-0756-4450-acc5-0a1cd792f0f0,4.79,false,false,near_mint,en,CAD
Urza's Mine,2XM,Double Masters,329,foil,common,1,51810,08dea8f6-bd32-44a3-bec4-93a5607819df,1.36,false,false,near_mint,en,CAD
Xander's Lounge,SNC,Streets of New Capenna,260,normal,rare,1,67763,54f449ff-4025-465e-9ec5-a5cf42c4c9d3,28.78,false,false,near_mint,en,CAD
Ebon Stronghold,BTD,Beatdown Box Set,72,normal,uncommon,1,33351,c8b0879d-6427-44ec-9915-bdca8a339f94,1.08,false,false,near_mint,en,CAD
Skycloud Expanse,WHO,Doctor Who,1107,foil,rare,1,87198,30c0c7aa-d060-4ad7-8a6a-fcfe5f8e010e,2.73,false,false,near_mint,en,CAD
Brushland,BRO,The Brothers' War,298,normal,rare,1,75651,98178c9d-e113-4f0e-9a7b-3ebfaafe2503,4.1,false,false,near_mint,en,CAD
Castle Locthwain,CLB,Commander Legends: Battle for Baldur's Gate,884,normal,rare,1,69434,19336e3a-2242-4a30-a563-32f2e4fc18e9,6.84,false,false,near_mint,en,CAD
Academy Ruins,TSP,Time Spiral,269,normal,rare,1,26631,af09af65-0a3b-42df-b0fd-372e2158beac,19.18,false,false,near_mint,en,CAD
Twilight Mire,2XM,Double Masters,328,normal,rare,1,51889,53c59bee-0369-4a34-832f-fe3829a391b3,1.36,false,false,near_mint,en,CAD
Wirewood Lodge,PLST,The List,DD1-26,normal,uncommon,1,47660,cf3f4954-ab60-44a9-b2d6-a4be598e8ce6,11.64,false,false,near_mint,en,CAD
"Yavimaya, Cradle of Growth",MH2,Modern Horizons 2,441,etched,rare,1,59747,b0063a44-6cde-4d7e-81e1-61bae08831ee,24.67,false,false,near_mint,en,CAD
Jungle Hollow,MOM,March of the Machine,270,foil,common,1,80468,b6ed20a4-bc8a-44b1-b9b7-c82518c287b8,0.67,false,false,near_mint,en,CAD
Rejuvenating Springs,CMM,Commander Masters,662,foil,rare,1,84001,054a392e-ea3b-4de2-beeb-72772a546070,24.67,false,false,near_mint,en,CAD
Bloodfell Caves,MOM,March of the Machine,267,foil,common,1,80458,85930f68-6f53-4921-9556-2887ac3abfd2,0.67,false,false,near_mint,en,CAD
Swiftwater Cliffs,MOM,March of the Machine,273,foil,common,1,80460,957efc4e-c2a9-46a2-b9e3-20dc419ffd05,0.67,false,false,near_mint,en,CAD
Waterlogged Grove,MH1,Modern Horizons,249,normal,rare,1,44685,0ab6bfbd-d2e1-4c4c-9f91-6f69c5b8e3bb,2.45,false,false,near_mint,en,CAD
Bojuka Bog,WWK,Worldwake,132,normal,common,1,22059,529c38b3-7397-4dac-9859-acd9cd451c32,2.73,false,false,near_mint,en,CAD
Fiery Islet,MH1,Modern Horizons,238,normal,rare,1,44696,a3aab13c-9d9d-4507-ae5d-da979990ae1b,9.59,false,false,near_mint,pt,CAD
Simic Growth Chamber,2X2,Double Masters 2022,412,foil,uncommon,1,70361,896e1b11-1796-4fec-bb1c-111b0f9768f7,8.21,false,false,near_mint,en,CAD
Boros Garrison,2X2,Double Masters 2022,401,foil,uncommon,1,70308,71cdfa12-e933-4c64-b7d5-c856a6a054ff,3.41,false,false,near_mint,en,CAD
Great Furnace,SLD,Secret Lair Drop,303,foil,rare,1,64002,49411808-630f-4bb4-af52-137932adcd7c,58.95,false,false,near_mint,en,CAD
Yavimaya Coast,M15,Magic 2015,249,normal,rare,1,13603,9eb82b9a-0376-4d75-ba03-76b422aa9099,1.36,false,false,near_mint,en,CAD
Orzhov Basilica,2X2,Double Masters 2022,409,foil,uncommon,1,70457,b8ee89c5-5504-4b9b-b70e-4b48e4c66c76,4.79,false,false,near_mint,en,CAD
Dwarven Mine,ELD,Throne of Eldraine,243,normal,common,1,46095,5c83074d-0c9b-4b58-94ca-d75240485579,0.48,false,false,near_mint,en,CAD
Tundra,3ED,Revised Edition,289,normal,rare,1,41136,9c9d5f72-e199-4d5b-ae7e-cc5b9bdfae99,891.32,false,false,near_mint,en,CAD
Golgari Rot Farm,2X2,Double Masters 2022,406,foil,uncommon,1,70606,f6729320-d557-4860-80e4-32afcf6aad34,6.84,false,false,near_mint,en,CAD
Glacial Fortress,M12,Magic 2012,227,normal,rare,1,19040,8b3601d4-4091-465e-8c18-0cd717258211,1.36,false,false,near_mint,en,CAD
Mines of Moria,LTR,The Lord of the Rings: Tales of Middle-earth,342,foil,rare,1,82911,1d6cbb58-8c82-49b5-ae9c-f3baaa8bcc22,4.1,false,false,near_mint,en,CAD
The World Tree,SLD,Secret Lair Drop,1266,foil,rare,1,80488,3cb15155-9bd8-4062-aa81-de275748faf2,26.04,false,false,near_mint,en,CAD
Gruul Turf,2X2,Double Masters 2022,407,foil,uncommon,1,70347,8380f74f-aa76-42dc-9596-92d651e1c1f6,6.84,false,false,near_mint,en,CAD
Raugrin Triome,IKO,Ikoria: Lair of Behemoths,311,normal,rare,1,49766,c303a627-cce3-4045-81f8-fe7427e0a941,32.9,false,false,near_mint,en,CAD
Vault of the Archangel,CLB,Commander Legends: Battle for Baldur's Gate,927,normal,rare,1,69684,e1004cea-51d4-4d69-ad98-37a2e02492e0,0.81,false,false,near_mint,en,CAD
Dimir Aqueduct,2X2,Double Masters 2022,404,foil,uncommon,1,70323,7761b314-844a-4ade-a584-f37712cd2293,4.79,false,false,near_mint,en,CAD
Arena of Glory,MH3,Modern Horizons 3,351,normal,rare,1,94733,3d7d07bb-b875-4a6d-8b87-4187e823af75,31.53,false,false,near_mint,en,CAD
Crystal Vein,PD3,Premium Deck Series: Graveborn,24,foil,uncommon,1,18597,1ade106b-a96c-45cc-bedb-652646f7dd1a,15.07,false,false,near_mint,en,CAD
Inventors' Fair,KLD,Kaladesh,247,normal,rare,1,7396,275471e3-ded1-40ac-91ef-369dce5764d9,27.41,false,false,near_mint,pt,CAD
Lonely Sandbar,ONS,Onslaught,320,normal,common,1,30983,d8ddab06-aff7-4c40-bcaa-10cbfe899dd9,0.53,false,false,near_mint,en,CAD
Shivan Reef,M3C,Modern Horizons 3 Commander,375,normal,rare,1,94757,6fc5d0a1-8c29-4961-8567-d1ccc3669a32,1.36,false,false,near_mint,en,CAD
Echoing Deeps,LCI,The Lost Caverns of Ixalan,346,normal,rare,1,88883,c6392d30-07c4-4c63-acb4-ad12d08c080b,1.08,false,false,near_mint,en,CAD
Tropical Island,3ED,Revised Edition,288,normal,rare,1,41137,a0f5c6bc-65dc-42a1-a62d-a0b101310a1f,959.88,false,false,near_mint,en,CAD
Azorius Chancery,2X2,Double Masters 2022,400,foil,uncommon,1,70198,48a944c2-0711-4e0c-9cd5-cfd5ad5f8266,4.79,false,false,near_mint,en,CAD
Mystic Sanctuary,ELD,Throne of Eldraine,247,normal,common,1,46091,170e792c-80d5-4775-ad95-37614574ab84,5.47,false,false,near_mint,en,CAD
Blood Crypt,UNF,Unfinity,279,foil,rare,1,72645,0f1cebcb-0e3f-4dce-81ff-44bc8c0b9ad7,68.55,false,false,near_mint,en,CAD
Littjara Mirrorlake,KHM,Kaldheim,264,normal,uncommon,1,56921,6bf2bb3e-828f-4d53-9d0a-26bbc5e7f3cc,0.48,false,false,near_mint,en,CAD
Axgard Armory,KHM,Kaldheim,250,normal,uncommon,1,57161,f9c77d35-8418-48fb-b7d7-7cfa763545c5,1.08,false,false,near_mint,en,CAD
Temple of the False God,C19,Commander 2019,280,normal,uncommon,1,45654,22c66095-ee5d-4258-8e24-78e81b64a519,0.48,false,false,near_mint,en,CAD
Emergence Zone,WAR,War of the Spark,245,normal,uncommon,1,44159,ab95f6e7-b806-47fe-a071-6c38b3176d94,8.9,false,false,near_mint,en,CAD
Tainted Isle,MIC,Midnight Hunt Commander,183,normal,uncommon,1,63682,c4a3bcf6-4495-4b12-940a-f7703d8646d3,1.77,false,false,near_mint,en,CAD
Bountiful Promenade,ZNE,Zendikar Rising Expeditions,20,normal,mythic,1,54625,7d6ae82b-5764-4a8a-a60e-a781837414dd,32.9,false,false,near_mint,en,CAD
Darksteel Citadel,2XM,Double Masters,315,normal,uncommon,1,52049,dd582037-8682-4738-b459-177a9d6e03b6,3.14,false,false,near_mint,en,CAD
"Eiganjo, Seat of the Empire",NEO,Kamigawa: Neon Dynasty,502,foil,rare,1,66835,ecb53f59-d89b-481c-af98-75c11c30ee17,16.44,false,false,near_mint,en,CAD
Minas Tirith,LTR,The Lord of the Rings: Tales of Middle-earth,341,foil,rare,1,83243,82e8a91c-74ee-411b-9d74-4e72df24258b,16.44,false,false,near_mint,en,CAD
Darkwater Catacombs,MIC,Midnight Hunt Commander,171,normal,rare,1,63573,28dfe97d-76d5-4c61-9b83-fdd780fbe4c6,0.95,false,false,near_mint,en,CAD
"Boseiju, Who Shelters All",SLD,Secret Lair Drop,426,foil,rare,1,67293,7ca68ea1-5aad-4d08-b460-768f5a91f1fa,24.67,false,false,near_mint,en,CAD
Haunted Ridge,PMID,Innistrad: Midnight Hunt Promos,263p,normal,rare,1,63833,72baacda-8902-476f-adde-899ead57bf64,16.44,false,false,near_mint,en,CAD
Rivendell,LTR,The Lord of the Rings: Tales of Middle-earth,344,foil,rare,1,83141,650fa2f4-2916-427c-a0f9-37e2dbe8e1fc,4.79,false,false,near_mint,en,CAD
Wooded Foothills,ZNE,Zendikar Rising Expeditions,4,normal,mythic,1,54446,1066a94a-8e4f-4d77-820b-7a77a18116f0,52.09,false,false,near_mint,en,CAD
Ancient Tomb,TMP,Tempest,315,normal,uncommon,1,36684,30e401e3-282b-4524-87e1-c6cd50cd6d00,191.97,false,false,near_mint,en,CAD
Plateau,3ED,Revised Edition,284,normal,rare,1,41141,c6ae9cff-8646-4069-8761-df734e067beb,617.06,false,false,near_mint,en,CAD
Savannah,3ED,Revised Edition,285,normal,rare,1,41140,5ae71290-c133-406c-8b17-9ea22b437806,617.06,false,false,near_mint,en,CAD
Sacred Foundry,UNF,Unfinity,285,foil,rare,1,72914,c3142a41-8718-4955-9fec-18f3d4875493,54.84,false,false,near_mint,en,CAD
Temple Garden,UNF,Unfinity,281,foil,rare,1,72716,43609973-6c01-4f03-9e08-a347364dfa76,45.24,false,false,near_mint,en,CAD
"Boseiju, Who Endures",NEO,Kamigawa: Neon Dynasty,412,normal,rare,1,66318,0055ea30-20fb-4324-a632-8fed87628f05,89.12,false,false,near_mint,en,CAD
Gaea's Cradle,USG,Urza's Saga,321,normal,rare,1,35647,25b0b816-0583-44aa-9dc5-f3ff48993a51,2194.03,false,false,near_mint,en,CAD
Stomping Ground,UNF,Unfinity,280,foil,rare,1,72960,e1dd057e-1f38-4a5f-819c-f3af9134fecf,54.84,false,false,near_mint,en,CAD
City of Traitors,WC99,World Championship Decks 1999,kb143a,normal,rare,1,34476,b4ac5f1f-f0b6-40f1-ba5a-85a6500b659e,61.69,false,false,near_mint,en,CAD
Tarnished Citadel,ODY,Odyssey,329,normal,rare,1,31848,30375d24-ccfe-47a2-babd-1bda0a6298fe,30.15,false,false,near_mint,en,CAD
Cavern of Souls,ZNE,Zendikar Rising Expeditions,22,normal,mythic,1,54547,5261e0f6-55bf-4d45-92ea-7acbab41162c,89.12,false,false,near_mint,en,CAD
Thran Quarry,USG,Urza's Saga,329,normal,rare,1,35639,4b2d6c41-7d82-4062-a783-37d88536279c,8.21,false,false,near_mint,en,CAD
Path of Ancestry,KHC,Kaldheim Commander,117,normal,common,1,57181,04f35c75-4ede-4c23-867b-58d367f75fc8,0.48,false,false,near_mint,en,CAD
Steam Vents,UNF,Unfinity,283,foil,rare,1,72888,af478684-ea34-4275-ab45-a9512aaa0758,89.12,false,false,near_mint,en,CAD
Tainted Field,CLB,Commander Legends: Battle for Baldur's Gate,919,normal,uncommon,1,69547,67f04e85-1b2b-4eb6-8332-4c13c2149d39,0.95,false,false,near_mint,en,CAD
"Emeria, the Sky Ruin",SLD,Secret Lair Drop,1291,foil,rare,1,82193,720ecba0-a9dd-4adf-ad9d-0c068bf526fa,47.98,false,false,near_mint,en,CAD
Grove of the Burnwillows,ZNE,Zendikar Rising Expeditions,25,normal,mythic,1,54629,82fb5274-c11a-465b-b14f-8f35495482e4,11.64,false,false,near_mint,en,CAD
War Room,CLB,Commander Legends: Battle for Baldur's Gate,929,normal,rare,1,69708,ed5cebc0-6a58-468d-a75e-46087ea2eb46,11.64,false,false,near_mint,en,CAD
Overgrown Tomb,UNF,Unfinity,284,foil,rare,1,72902,ba5de5eb-442d-48de-bb5a-e316ea44520d,41.12,false,false,near_mint,en,CAD
Rugged Prairie,2XM,Double Masters,325,normal,rare,1,51835,225cd301-7d04-480d-94ed-52537d944c6f,2.04,false,false,near_mint,en,CAD
Shire Terrace,LTR,The Lord of the Rings: Tales of Middle-earth,261,foil,common,1,82936,25932483-58cd-4ae5-82bf-ab455177d117,0.67,false,false,near_mint,en,CAD
Izzet Boilerworks,2X2,Double Masters 2022,326,foil,uncommon,1,70586,eb746aeb-7595-4b45-8ffc-90f220308960,1.36,false,false,near_mint,en,CAD
Mox Diamond,STH,Stronghold,138,normal,rare,1,36507,28028830-83ed-45e2-b495-3b9ad9d3e988,1782.65,false,false,near_mint,en,CAD
Chrome Mox,PGPX,Grand Prix Promos,2009,foil,rare,1,26357,6de7be0f-6f8a-4e34-a659-70b0eb2be6c0,383.94,false,false,near_mint,en,CAD
Mana Vault,2X2,Double Masters 2022,394,foil,mythic,1,70430,a941b1f6-9f18-4c9e-993f-bf8f52bd6f53,315.38,false,false,near_mint,en,CAD
Lion's Eye Diamond,MIR,Mirage,307,normal,rare,1,38283,63bacc32-d6ba-420c-9b49-299c08e5fb39,1097.01,false,false,near_mint,en,CAD
Replicating Ring,KHM,Kaldheim,244,normal,uncommon,1,57044,b079e285-8431-46aa-bb04-70cac586ed0b,2.04,false,false,near_mint,en,CAD
Lantern of Revealing,CLB,Commander Legends: Battle for Baldur's Gate,318,normal,common,1,68941,2f43d21a-4400-4770-95a9-ce074ee68232,0.48,false,false,near_mint,en,CAD
Mox Amber,DOM,Dominaria,224,normal,mythic,1,2052,66024e69-ad60-4c9a-a0ca-da138d33ad80,116.55,false,false,near_mint,en,CAD
Springleaf Drum,SLP,Secret Lair Promo,22,normal,rare,1,92931,193ece2d-f7fa-4e9c-a991-6f8116f63673,2.04,false,false,near_mint,en,CAD
Relic of Legends,DMU,Dominaria United,236,normal,uncommon,1,71498,64a2809e-c441-416c-90ff-6fb1e246dff3,4.1,false,false,near_mint,en,CAD
Phial of Galadriel,LTR,The Lord of the Rings: Tales of Middle-earth,382,foil,rare,1,83527,d163a60b-c7ca-4d69-be6c-3a94c7f9a4c7,15.07,false,false,near_mint,en,CAD
Prophetic Prism,CMM,Commander Masters,404,foil,common,1,84457,6cbd46d2-b4f2-48d0-a1c4-87ea625ec8bc,0.67,false,false,near_mint,en,CAD
Mana Crypt,G11,Judge Gift Cards 2011,5,foil,rare,1,20448,af226b54-7cde-462a-b1c5-42dfef1c2ee6,205.68,false,false,near_mint,en,CAD
Talisman of Conviction,SLD,Secret Lair Drop,1060,etched,rare,1,71177,832cfe00-bc3e-46bb-b4bd-43f758290a41,15.07,false,false,near_mint,en,CAD
Talisman of Indulgence,SLD,Secret Lair Drop,1054,etched,rare,1,71173,73e85dab-5887-47bb-b5f2-fd11ff77ef91,61.69,false,false,near_mint,en,CAD
Simic Signet,SLD,Secret Lair Drop,295,etched,rare,1,60010,b58e931a-d4dd-4705-ae31-89c0aecbf192,13.7,false,false,near_mint,en,CAD
Golgari Signet,SLD,Secret Lair Drop,292,normal,rare,1,60021,f04c0ba5-a83a-40a9-919a-0bda0fef3b4f,9.59,false,false,near_mint,en,CAD
Selesnya Signet,SLD,Secret Lair Drop,290,etched,rare,1,59995,4fcfd873-da1f-4f0b-a41d-54f383ec1724,5.47,false,false,near_mint,en,CAD
Talisman of Curiosity,SLD,Secret Lair Drop,1061,etched,rare,1,71182,9ecc83e0-7de2-4680-9d68-15a6018095fe,21.93,false,false,near_mint,en,CAD
Gruul Signet,SLD,Secret Lair Drop,288,etched,rare,1,59980,0310bb0e-bd22-470e-8711-4e15aec86578,8.21,false,false,near_mint,en,CAD
Rakdos Signet,SLD,Secret Lair Drop,289,etched,rare,1,59982,086f1ee3-d83b-410b-b51f-ad4be841ac59,47.98,false,false,near_mint,en,CAD
Grim Monolith,ULG,Urza's Legacy,126,normal,rare,1,35394,9ddc9fe1-17c8-4e1d-aeb8-c4214e881280,822.75,false,false,near_mint,en,CAD
Coldsteel Heart,2X2,Double Masters 2022,301,foil,uncommon,1,70444,b2548ad2-3c62-4ed1-899c-1002b46cdd8f,3.41,false,false,near_mint,en,CAD
Jeweled Lotus,CMR,Commander Legends,319,foil,mythic,1,55633,3c7de64b-3dc8-47dd-8999-4353b5a3a06f,75.41,false,false,near_mint,en,CAD
Talisman of Impulse,SLD,Secret Lair Drop,1055,etched,rare,1,71163,2fb35429-30ee-4e2f-80ad-083faf53e264,26.04,false,false,near_mint,en,CAD
Talisman of Unity,SLD,Secret Lair Drop,1056,etched,rare,1,71161,26b6bdac-02d4-4661-b022-103f19232985,11.64,false,false,near_mint,en,CAD
Thought Vessel,SLD,Secret Lair Drop,1665,foil,rare,1,96558,0f49a899-e549-48c1-85c5-766fda0ecf03,15.07,false,false,near_mint,en,CAD
Hedron Archive,SLD,Secret Lair Drop,691,foil,rare,1,71123,797bd0ea-5c4d-477e-9d92-199a99d6c2cf,61.69,false,false,near_mint,en,CAD
Liquimetal Torque,MH2,Modern Horizons 2,428,foil,uncommon,1,59540,4b548fdf-7130-4a94-bd7e-09591b395513,10.96,false,false,near_mint,en,CAD
Fire Diamond,CLB,Commander Legends: Battle for Baldur's Gate,445,foil,common,1,69129,81fa8865-c600-4d8d-976d-789cd565802e,1.36,false,false,near_mint,en,CAD
Commander's Sphere,CMR,Commander Legends,306,normal,common,1,55808,a01c16a5-bc50-406f-9ab1-e8346acffbca,0.48,false,false,near_mint,en,CAD
Izzet Signet,SLD,Secret Lair Drop,293,etched,rare,1,60008,ab29ff99-b246-49e8-bb77-c7906b502232,45.24,false,false,near_mint,en,CAD
Talisman of Creativity,SLD,Secret Lair Drop,1058,etched,rare,1,71162,2cc0a11c-99f0-439d-a372-4fd77e007df4,61.69,false,false,near_mint,en,CAD
Sol Talisman,MH2,Modern Horizons 2,432,etched,rare,1,59537,49f81658-4008-45a1-9a3d-a39369b6c96f,3.14,false,false,near_mint,en,CAD
Star Compass,IMA,Iconic Masters,229,normal,common,1,3396,9c010712-7f42-4c55-9a63-aca2452aac05,1.77,false,false,near_mint,en,CAD
Prismatic Lens,EMA,Eternal Masters,230,normal,uncommon,1,8445,19786221-ff63-48be-98cb-82360ca12634,0.95,false,false,near_mint,en,CAD
Boros Signet,SLD,Secret Lair Drop,291,etched,rare,1,59985,10d4532d-f948-4eb3-b855-592080e171e5,20.56,false,false,near_mint,en,CAD
Everflowing Chalice,2XM,Double Masters,254,normal,common,1,52175,9cd8112f-21e0-4272-9f0d-14d1ef989779,0.95,false,false,near_mint,en,CAD
Decanter of Endless Water,CLB,Commander Legends: Battle for Baldur's Gate,444,foil,common,1,69162,914b42b3-03af-4945-9f1f-46c09a1a2314,8.21,false,false,near_mint,en,CAD
Honored Heirloom,VOW,Innistrad: Crimson Vow,257,normal,common,1,64422,d3390e4d-9137-40ff-b998-bdb19c90b7d5,0.48,false,false,near_mint,en,CAD
Talisman of Resilience,SLD,Secret Lair Drop,1059,etched,rare,1,71186,c7a259eb-c6a2-4890-810a-239df5461e2f,20.56,false,false,near_mint,en,CAD
Coveted Jewel,SLD,Secret Lair Drop,799,foil,rare,1,92936,0b7726e1-f121-4283-9c54-66509f332f39,7.53,false,false,near_mint,en,CAD
Gemstone Caverns,LTC,Tales of Middle-earth Commander,364,foil,mythic,1,83387,ad361175-1127-40e5-8990-24e651fc2a4d,130.26,false,false,near_mint,en,CAD
Multiclass Baldric,CLB,Commander Legends: Battle for Baldur's Gate,684,normal,rare,1,69673,dbb7927d-c3c4-4464-8ada-bcd8466b2012,1.36,false,false,near_mint,en,CAD
Sword of Body and Mind,SOM,Scars of Mirrodin,208,normal,mythic,1,20824,03cc5caf-b2d7-4211-a1a4-f0ad6e70e3f4,32.88,false,false,near_mint,en,CAD
Whispersilk Cloak,10E,Tenth Edition,345,normal,uncommon,1,25685,6172980e-5464-4a9a-8919-9da86261d0c4,8.21,false,false,near_mint,en,CAD
Sword of Fire and Ice,DST,Darksteel,148,normal,rare,1,29513,8eb613ee-8b8b-4a34-886c-6592b27672b3,79.49,false,false,near_mint,en,CAD
Trailblazer's Boots,LTR,The Lord of the Rings: Tales of Middle-earth,398,foil,rare,1,82991,36ee958c-ae8c-49bd-9d85-0128ca19901c,3.82,false,false,near_mint,en,CAD
Illusionist's Bracers,GTC,Gatecrash,231,normal,rare,1,16593,cc06cf32-5d66-4772-845d-ff7649396092,9.58,false,false,near_mint,en,CAD
Conqueror's Flail,C16,Commander 2016,53,normal,rare,1,7301,1644f535-9281-4a88-8fac-916bc0021d1d,8.21,false,false,near_mint,en,CAD
Glamdring,LTR,The Lord of the Rings: Tales of Middle-earth,239,foil,mythic,1,83241,8296ebf7-45ed-4b38-acf2-b48d9fb3e706,4.78,false,false,near_mint,en,CAD
Hammer of Nazahn,2XM,Double Masters,260,normal,rare,1,52083,fbce79af-968a-481b-8cd7-a323c083851d,21.92,false,false,near_mint,en,CAD
Sword of Feast and Famine,2XM,Double Masters,296,normal,mythic,1,52017,c7710eb5-c56a-437b-8847-2a829c404d47,75.38,false,false,near_mint,en,CAD
Helm of the Host,DOM,Dominaria,217,normal,rare,1,2059,1d65d20c-09e5-4139-838b-7e0e48eb2b2b,13.69,false,false,near_mint,en,CAD
Mortarpod,MM2,Modern Masters 2015,222,foil,uncommon,1,10995,f1e6b292-41e7-40f9-b9fe-34f27d4526af,0.67,false,false,near_mint,en,CAD
Eldrazi Conscription,SLD,Secret Lair Drop,1218,foil,rare,1,79009,53740e51-ee3f-4158-93f4-395d168820aa,21.92,false,false,near_mint,en,CAD
Mask of Memory,CMR,Commander Legends,324,normal,uncommon,1,55855,ba275c02-8581-46a0-9c7c-8baa0fdb4982,1.36,false,false,near_mint,en,CAD
Cloak of the Bat,CLB,Commander Legends: Battle for Baldur's Gate,443,normal,common,1,69009,4ea5a5f3-7147-4abd-af8d-8baab4c2aa06,0.48,false,false,near_mint,en,CAD
Strength-Testing Hammer,UNF,Unfinity,193,normal,uncommon,1,73244,b654514f-b1a0-4d96-8d05-55e2cf386518,2.45,false,false,near_mint,en,CAD
Lothlórien Blade,LTC,Tales of Middle-earth Commander,157,normal,rare,1,83135,6360afed-c02b-4f10-8d8c-1633a49fabb7,1.36,false,false,near_mint,en,CAD
Sword of Hearth and Home,MH2,Modern Horizons 2,433,etched,mythic,1,59403,0c530cf5-601a-4e9c-b81e-5bddff0c1196,34.26,false,false,near_mint,en,CAD
Darksteel Plate,2X2,Double Masters 2022,304,foil,rare,1,70175,3f99fb1e-99a6-4c83-98eb-7bff23996a7f,10.95,false,false,near_mint,en,CAD
Prying Blade,XLN,Ixalan,244,normal,common,1,3768,ad45720e-2870-414d-8119-8e48c5600d3b,0.53,false,false,near_mint,en,CAD
Sigil of Valor,BRR,The Brothers' War Retro Artifacts,116,foil,uncommon,1,75937,2005d5e8-750a-44d6-b09b-d7df68dc6926,0.67,false,false,near_mint,en,CAD
Commander's Plate,CMR,Commander Legends,305,foil,mythic,1,55575,19992dbd-7a6a-43d3-b1db-01716b2eed27,82.23,false,false,near_mint,en,CAD
Blackblade Reforged,ZNC,Zendikar Rising Commander,107,normal,rare,1,55452,aa4146f0-0c8c-4b8a-8d24-b6c5e33eba3d,6.84,false,false,near_mint,en,CAD
Sword of Once and Future,MOM,March of the Machine,265,foil,mythic,1,81014,1670393d-86f0-46fb-b577-f73a1da2a3ed,10.95,false,false,near_mint,en,CAD
Umbral Mantle,SHM,Shadowmoor,267,normal,uncommon,1,24599,10e35711-aec9-4024-a2a6-9efff8c71df2,13.01,false,false,near_mint,en,CAD
Sword of the Animist,ORI,Magic Origins,240,normal,rare,1,10702,f3687c36-c0ae-4dba-9379-b420236bf529,15.06,false,false,near_mint,en,CAD
Paradise Mantle,SLD,Secret Lair Drop,1236,foil,rare,1,79015,9cbaf50b-5491-474b-8501-8814e2629fe4,52.08,false,false,near_mint,en,CAD
Lightning Greaves,SLD,Secret Lair Drop,1662,foil,rare,1,96560,202a98ec-3ce9-47c6-8f8e-cd421e71631d,11.64,false,false,near_mint,en,CAD
Skullclamp,SLD,Secret Lair Drop,1663,foil,rare,1,96557,0ecc351e-2711-48f1-8301-183d70b046d1,17.81,false,false,near_mint,en,CAD
Umezawa's Jitte,SLD,Secret Lair Drop,1288,foil,rare,1,82196,94756cbe-022d-4fdf-a3b8-ad368174c90d,15.06,false,false,near_mint,en,CAD
Swiftfoot Boots,CMR,Commander Legends,474,normal,uncommon,1,55843,b5c45f3d-cf12-4db7-b161-9539ed969ca7,3.82,false,false,near_mint,en,CAD
"Ugin, the Ineffable",SLD,Secret Lair Drop,1243,foil,rare,1,80491,99285945-0d97-4e29-9be2-2d2cfd9bac4e,13.69,false,false,near_mint,en,CAD
"Karn, the Great Creator",SLD,Secret Lair Drop,501,foil,rare,1,54382,25c0968c-1377-447b-bede-5a2482d4cd2b,13.69,false,false,near_mint,en,CAD
Void Winnower,SLD,Secret Lair Drop,1075,normal,mythic,1,67550,1e5ef9cd-ee4d-4cbe-a07d-89f9322e5362,31.51,false,false,near_mint,en,CAD
Wandering Archaic // Explore the Vastlands,STX,Strixhaven: School of Mages,6,foil,rare,1,58012,18a2bdc8-b705-4eb5-b3a5-ff2e2ab8f312,21.92,false,false,near_mint,en,CAD
Ornithopter,DMR,Dominaria Remastered,233,normal,common,1,77845,305078a5-ac18-4721-bba2-3434eba5b1cf,0.81,false,false,near_mint,en,CAD
Lodestone Golem,WWK,Worldwake,127,normal,rare,1,22064,9bb0ee6a-852a-4f1e-8f03-40b6d505bc82,0.67,false,false,near_mint,en,CAD
Myr Battlesphere,2XM,Double Masters,276,normal,rare,1,51852,31837c7c-267a-4483-8712-406bfa7c4fde,0.67,false,false,near_mint,en,CAD
Academy Manufactor,MH2,Modern Horizons 2,219,normal,rare,1,59674,90744c2c-6dd7-4623-8cbf-b138b83ee88f,10.95,false,false,near_mint,en,CAD
Crashing Drawbridge,ELD,Throne of Eldraine,217,normal,common,1,46121,b7d7108f-635c-423b-988a-bc8fc4c6edef,1.08,false,false,near_mint,en,CAD
Scrap Trawler,C21,Commander 2021,260,normal,rare,1,58678,bf1e1b54-2f97-4d33-807a-99ca38f21777,4.1,false,false,near_mint,en,CAD
Shield Sphere,ALL,Alliances,129,normal,uncommon,1,38675,1730d219-a28f-4930-8088-4cfcb627f157,19.18,false,false,near_mint,en,CAD
Wurmcoil Engine,SLD,Secret Lair Drop,1661,foil,mythic,1,96583,efc01aa1-55f3-4557-a5b0-734f3b9ed050,17.81,false,false,near_mint,en,CAD
Meteor Golem,SLD,Secret Lair Drop,1660,foil,rare,1,96563,32758999-b0f1-4acc-b59a-ead3dce27724,4.1,false,false,near_mint,en,CAD
Salvager of Ruin,M20,Core Set 2020,237,normal,uncommon,1,45223,8dd2ebbe-71c6-405b-bad0-5680f0ff575c,0.48,false,false,near_mint,en,CAD
Cryptic Trilobite,C20,Commander 2020,21,normal,rare,1,50397,a73c630c-c98d-4f8a-9e6a-2576d5fec4ee,1.36,false,false,near_mint,en,CAD
Myr Retriever,2XM,Double Masters,277,foil,common,1,51931,7f0149d4-0731-474a-a1c3-28c25e486c14,5.47,false,false,near_mint,en,CAD
Phyrexian Revoker,2XM,Double Masters,282,normal,rare,1,51912,6982a82c-dd32-40d2-8dd2-ec92d0fc6c2d,0.67,false,false,near_mint,en,CAD
Universal Automaton,MH1,Modern Horizons,235,normal,common,1,44699,53c682e2-c90f-4f4b-9010-00b099e85518,1.08,false,false,near_mint,en,CAD
Getaway Car,SNC,Streets of New Capenna,237,normal,rare,1,67866,8a6d2fa3-3f5a-4b6f-8b7e-6a8bf65c07ad,0.67,false,false,near_mint,en,CAD
Ornithopter of Paradise,MH2,Modern Horizons 2,430,etched,common,1,59448,23ac45cf-4dc8-47b9-8ca8-e72464f745d6,1.36,false,false,near_mint,en,CAD
Containment Construct,NEO,Kamigawa: Neon Dynasty,243,normal,uncommon,1,66701,520e5505-429b-4da0-b25e-14b8d4e81ce3,1.77,false,false,near_mint,en,CAD
Psychosis Crawler,MOC,March of the Machine Commander,371,normal,rare,1,81756,783a4620-3054-4f31-b2ac-e3272197c291,1.36,false,false,near_mint,en,CAD
Solemn Simulacrum,M12,Magic 2012,217,foil,rare,1,19050,246d2ce1-6926-4acc-810a-4894dc346b8b,5.47,false,false,near_mint,en,CAD
Blightsteel Colossus,2XM,Double Masters,235,normal,mythic,1,51827,18adbda4-8d36-47cd-afbc-c785aaa8ed80,54.82,false,false,near_mint,en,CAD
Shimmer Myr,CMM,Commander Masters,409,normal,uncommon,1,84351,4f61479b-05e1-4c89-bf11-b79c06ace5e2,1.08,false,false,near_mint,en,CAD
Flayer of Loyalties,CMM,Commander Masters,747,normal,rare,1,84042,0d322c86-ffdd-4c39-8444-4dfca13c16ce,32.88,false,false,near_mint,en,CAD
Eternal Scourge,EMN,Eldritch Moon,7,normal,rare,1,8330,13ce52f5-6d49-4d44-a3d7-925340de8406,2.73,false,false,near_mint,en,CAD
Matter Reshaper,SLD,Secret Lair Drop,1048,foil,rare,1,71180,92ff105f-58bd-4c4c-ba18-dedbe7aab75e,6.84,false,false,near_mint,en,CAD
Spellskite,2XM,Double Masters,289,normal,rare,1,51983,aa9bf341-0060-467d-99b3-a5bc7f2270b8,13.69,false,false,near_mint,en,CAD
Junk Diver,UDS,Urza's Destiny,132,normal,rare,1,34713,c4f5a9d8-80b9-4765-adb2-10d53baaacb0,4.78,false,false,near_mint,en,CAD
Golem Artisan,2XM,Double Masters,258,normal,uncommon,1,52202,e64ef4e1-52a5-4e73-9f71-5f12c96c8caf,0.48,false,false,near_mint,en,CAD
Geode Golem,CMM,Commander Masters,386,normal,uncommon,1,85080,fa912283-c28e-4594-aca9-21d82d8cf006,0.95,false,false,near_mint,en,CAD
Walking Ballista,SLD,Secret Lair Drop,1265,foil,rare,1,80432,6a696f69-ba08-4b0b-86e9-37e3671674ec,54.82,false,false,near_mint,en,CAD
The One Ring,LTR,The Lord of the Rings: Tales of Middle-earth,451,foil,mythic,1,82863,126ea71a-9a64-4d1e-a8ca-1efce3b8346f,137.06,false,false,near_mint,en,CAD
Chalice of the Void,MRD,Mirrodin,150,normal,rare,1,29895,1a02ca71-5e39-4a5f-aaba-a1e3e10a6a3e,27.4,false,false,near_mint,en,CAD
Maskwood Nexus,CLB,Commander Legends: Battle for Baldur's Gate,865,normal,rare,1,69428,1246c42d-57c0-4cba-959a-15ad89d8a50b,2.45,false,false,near_mint,en,CAD
Grafdigger's Cage,SLD,Secret Lair Drop,324,foil,rare,1,64028,c1b5c132-c4d0-42df-bc5b-e7fe0a31a9e7,31.51,false,false,near_mint,en,CAD
Stone Idol Generator,M3C,Modern Horizons 3 Commander,77,normal,rare,1,94730,38c3f277-7cb7-4722-8e04-db8e9eaeabda,0.95,false,false,near_mint,en,CAD
Staff of Domination,5DN,Fifth Dawn,156,normal,rare,1,29339,7980fc3b-71d5-427d-bd42-087256fd2059,16.44,false,false,near_mint,en,CAD
Pithing Needle,SLD,Secret Lair Drop,44,normal,rare,1,50506,e503b59c-df3e-4f52-9a59-195f02a6cb18,5.47,false,false,near_mint,en,CAD
Krark's Thumb,MRD,Mirrodin,190,normal,rare,1,29855,78a5d49a-747e-4ec8-a20a-ca917c315774,30.14,false,false,near_mint,en,CAD
Pyrite Spellbomb,MRD,Mirrodin,232,normal,common,1,29813,97b9bab9-12ee-4da5-9d53-d0b82d9279cd,0.48,false,false,near_mint,en,CAD
Thousand-Year Elixir,C21,Commander 2021,271,normal,rare,1,58634,95c2d832-5244-4236-81d5-2920aa2e281e,31.51,false,false,near_mint,en,CAD
Agatha's Soul Cauldron,WOE,Wilds of Eldraine,242,normal,mythic,1,85223,019b51b0-e5c6-4208-922b-7736686dddcd,52.08,false,false,near_mint,en,CAD
Urn of Godfire,MOM,March of the Machine,266,foil,common,1,81480,ff5f302e-d884-4995-ba3c-8c22f9045318,0.67,false,false,near_mint,en,CAD
Blasting Station,5DN,Fifth Dawn,107,normal,uncommon,1,29388,71e2f832-6601-4232-b250-fd1c88538fbd,21.92,false,false,near_mint,en,CAD
Trading Post,M13,Magic 2013,220,normal,rare,1,17603,20604b28-d096-40f8-a30c-3bc89e708676,1.08,false,false,near_mint,en,CAD
Scroll Rack,CMR,Commander Legends,337,normal,mythic,1,55931,dfaaa58d-89bb-4cb3-96a6-b480e6f6954e,45.22,false,false,near_mint,en,CAD
Altar of the Brood,KTK,Khans of Tarkir,216,normal,rare,1,13182,8d59d264-87ee-4305-bffb-110549331a82,16.44,false,false,near_mint,en,CAD
Mimic Vat,LCC,The Lost Caverns of Ixalan Commander,115,foil,rare,1,88701,93d1c972-2621-4420-adae-cec1da3f965f,12.32,false,false,near_mint,en,CAD
Sculpting Steel,2XM,Double Masters,286,normal,rare,1,52037,d4f54dc9-3b27-4e90-a423-3aeeb4cedb06,3.82,false,false,near_mint,en,CAD
Fraying Line,CLB,Commander Legends: Battle for Baldur's Gate,314,normal,rare,1,69105,75bf7702-c97d-4b88-b815-769c4906e014,0.67,false,false,near_mint,en,CAD
Moonsilver Key,MID,Innistrad: Midnight Hunt,255,normal,uncommon,1,63333,87778e37-af92-402e-b037-5fbd6112b682,1.77,false,false,near_mint,en,CAD
Chromatic Star,2XM,Double Masters,239,foil,common,1,51817,117fded3-1157-41a3-b37a-e76dcd1b5447,1.08,false,false,near_mint,en,CAD
Mystic Forge,M20,Core Set 2020,233,foil,rare,1,45227,924a24e7-91b8-4ceb-a136-7a765d98c994,8.21,false,false,near_mint,en,CAD
Knowledge Pool,MBS,Mirrodin Besieged,111,normal,rare,1,20030,393454c2-b256-4a6e-9bc2-56a47cab5073,3.14,false,false,near_mint,en,CAD
Manifold Key,CLB,Commander Legends: Battle for Baldur's Gate,319,normal,uncommon,1,68852,0f5a15cd-a359-48c9-9280-ce139f1fb061,3.14,false,false,near_mint,en,CAD
Oketra's Monument,AKH,Amonkhet,233,normal,uncommon,1,5452,104503a6-bca5-48d7-88b1-424f98985d75,9.58,false,false,near_mint,en,CAD
Winter Orb,4ED,Fourth Edition,358,normal,rare,1,39829,d60ee90d-5f7b-4294-8d52-9744fada8d36,23.29,false,false,near_mint,en,CAD
Sensei's Divining Top,2X2,Double Masters 2022,398,foil,rare,1,70281,696792c7-245a-437e-b495-477b177773ba,95.94,false,false,near_mint,en,CAD
Darksteel Forge,2XM,Double Masters,248,normal,mythic,1,51871,421089c4-c8d3-48c5-b313-fb1741546271,79.49,false,false,near_mint,en,CAD
Codex Shredder,CMR,Commander Legends,304,normal,uncommon,1,56064,4f5a3293-f3e7-4f68-af6a-b478959226c1,0.95,false,false,near_mint,en,CAD
Wizard's Rockets,LTR,The Lord of the Rings: Tales of Middle-earth,400,foil,common,1,83080,541faaf0-4832-47b5-bb92-881dd70d6309,0.67,false,false,near_mint,en,CAD
Nihil Spellbomb,SOM,Scars of Mirrodin,187,normal,common,1,20845,603d217b-6375-46fc-992a-8dbd779da1e5,4.78,false,false,near_mint,en,CAD
Meekstone,4ED,Fourth Edition,335,normal,rare,1,39852,c9714ce0-7fc3-4bf3-ad65-68555a9d2f35,21.92,false,false,near_mint,en,CAD
Thrumming Stone,2X2,Double Masters 2022,315,normal,rare,1,70070,14adc0af-de61-4872-916c-3cf480dece46,31.51,false,false,near_mint,en,CAD
Dragon Arch,2X2,Double Masters 2022,305,foil,uncommon,1,70522,d2312a56-088f-42f9-9bd2-7b0b94935236,1.36,false,false,near_mint,en,CAD
Cloud Key,TSR,Time Spiral Remastered,265,normal,rare,1,57695,6f880de5-8fc5-4e4e-a4bb-cc3e61a7697b,4.1,false,false,near_mint,en,CAD
Sorcerous Spyglass,SLD,Secret Lair Drop,693,foil,rare,1,71129,924c4849-ede1-4aee-aa08-16b99282e6c1,4.1,false,false,near_mint,en,CAD
Arcum's Astrolabe,MH1,Modern Horizons,220,normal,common,1,44714,c2462fdf-a594-47d0-8e10-b55901e350d9,0.48,false,false,near_mint,en,CAD
Horn of the Mark,LTR,The Lord of the Rings: Tales of Middle-earth,241,foil,rare,1,83572,dd86b71f-d736-426f-bf15-013bc8da1a08,2.04,false,false,near_mint,en,CAD
Weathered Runestone,KHM,Kaldheim,247,normal,uncommon,1,56756,0fc2478f-e624-46fb-85af-1254564cd4d2,0.53,false,false,near_mint,en,CAD
Cursed Totem,MH2,Modern Horizons 2,295,etched,rare,1,59582,5dde91a9-7d2d-4a7b-861a-3d1c16ec79d9,3.82,false,false,near_mint,en,CAD
Strionic Resonator,C19,Commander 2019,224,normal,rare,1,45710,88326f60-1c86-4aca-8e6a-b1882a048635,15.06,false,false,near_mint,en,CAD
Panharmonicon,KLD,Kaladesh,226,normal,rare,1,7417,15856326-d943-476a-9d31-898b9f990bb6,8.9,false,false,near_mint,en,CAD
Semblance Anvil,BRR,The Brothers' War Retro Artifacts,115,foil,rare,1,75974,cce812e6-e781-4108-bfc8-3095aa4f1039,8.21,false,false,near_mint,en,CAD
Rings of Brighthearth,CMR,Commander Legends,335,normal,rare,1,55757,838ffc87-517a-4d94-8ce0-bc9ed01ecc52,9.58,false,false,near_mint,en,CAD
Zuran Orb,MH2,Modern Horizons 2,300,normal,uncommon,1,59588,618c8ecc-686d-41de-b9b1-1a7ee9cc7c14,6.84,false,false,near_mint,en,CAD
Inspiring Statuary,AER,Aether Revolt,160,normal,rare,1,6254,40e2564f-0066-41e0-a767-13ef33a17024,1.36,false,false,near_mint,en,CAD
Tormod's Crypt,DMR,Dominaria Remastered,235,normal,uncommon,1,77982,752bf493-5839-47e8-95f2-6d8201907428,1.36,false,false,near_mint,en,CAD
Cursed Rack,4ED,Fourth Edition,312,normal,uncommon,1,39875,28cbcab8-5593-4ef0-8689-77e71fb1c41a,0.48,false,false,near_mint,en,CAD
Crystal Ball,M11,Magic 2011,203,normal,uncommon,1,21186,56dc98fb-a956-46f7-aca2-97929b4236ee,0.95,false,false,near_mint,en,CAD
Colfenor's Urn,LRW,Lorwyn,254,normal,rare,1,25188,419fea28-3813-4e65-8b90-6d335fdf0a0b,1.36,false,false,near_mint,en,CAD
Cauldron of Souls,CM2,Commander Anthology Volume II,180,normal,rare,1,1557,cbd4604e-c21a-42a1-b099-aad7f9263a82,13.69,false,false,near_mint,en,CAD
Gauntlet of Power,DMR,Dominaria Remastered,447,normal,mythic,1,77803,1b98e9c2-8843-4b59-828c-af54e1628e98,7.53,false,false,near_mint,en,CAD
Conjurer's Closet,2XM,Double Masters,243,normal,rare,1,51854,3435fd09-a7a2-475e-a690-3c2011b70024,6.84,false,false,near_mint,en,CAD
Jester's Cap,DMR,Dominaria Remastered,227,normal,rare,1,78090,b364e7e7-83e5-474b-9768-8b70a77e5ffa,0.67,false,false,near_mint,en,CAD
Mindcrank,NPH,New Phyrexia,144,normal,uncommon,1,19741,d13a5ae0-d76a-4430-98c1-47a19e615e2c,24.66,false,false,near_mint,en,CAD
Liquimetal Coating,BRR,The Brothers' War Retro Artifacts,28,foil,uncommon,1,75694,a8fc80eb-f158-479f-8626-c9665e2f8248,1.08,false,false,near_mint,en,CAD
Thorn of Amethyst,BRR,The Brothers' War Retro Artifacts,123,foil,rare,1,75319,1aa26d85-6dfe-4359-9273-94f42da7482c,1.36,false,false,near_mint,en,CAD
Pyre of Heroes,KHM,Kaldheim,241,normal,rare,1,57038,ae9a8e44-f5de-497d-be48-adf1bcbaec97,4.1,false,false,near_mint,en,CAD
Krark-Clan Ironworks,5DN,Fifth Dawn,134,normal,uncommon,1,29361,c60174d6-1f9d-4870-b3db-34d6fcb3f6ab,31.51,false,false,near_mint,en,CAD
The Ozolith,LTC,Tales of Middle-earth Commander,351,normal,mythic,1,83247,83a46e68-7fb5-4c17-b5aa-ed039cea59d6,102.79,false,false,near_mint,en,CAD
Wayfarer's Bauble,CLB,Commander Legends: Battle for Baldur's Gate,344,normal,common,1,69248,b865d247-fe0a-4583-b088-ae900ffe521b,1.08,false,false,near_mint,en,CAD
Ugin's Nexus,KTK,Khans of Tarkir,227,normal,mythic,1,13171,94002868-a48a-4ea8-bfce-17257078f5db,4.78,false,false,near_mint,en,CAD
Mirror Box,NEO,Kamigawa: Neon Dynasty,498,normal,rare,1,66441,b8354b07-8dac-44bb-871f-3c8f60a20d1c,7.53,false,false,near_mint,en,CAD
Ichor Wellspring,2XM,Double Masters,261,foil,common,1,51916,6ce84c30-5d59-4f0d-af44-96b993f3902f,2.04,false,false,near_mint,en,CAD
Altar of Dementia,CNS,Conspiracy,196,normal,rare,1,14224,c16b08f8-9c26-450d-ad97-b7734e4f5bc4,20.55,false,false,near_mint,en,CAD
Ghoulcaller's Bell,ISD,Innistrad,224,normal,common,1,18674,863e7c2a-698c-4dce-a10b-ca58e4affa57,0.48,false,false,near_mint,en,CAD
Expedition Map,2XM,Double Masters,359,foil,rare,1,51942,8bc6178b-16e7-4089-974f-7048b9632fc2,24.66,false,false,near_mint,en,CAD
Stone of Erech,LTR,The Lord of the Rings: Tales of Middle-earth,251,foil,uncommon,1,83452,bc02e193-df33-4eb1-adc1-b51ee931218a,1.08,false,false,near_mint,en,CAD
Mesmeric Orb,MRD,Mirrodin,204,normal,rare,1,29841,29d11b14-43a9-4d1c-ba2c-3025d51d841e,45.22,false,false,near_mint,en,CAD
Aether Vial,2X2,Double Masters 2022,298,normal,rare,1,70062,11e8d2fd-b132-4807-9410-8edeffa519ed,6.15,false,false,near_mint,en,CAD
Defense Grid,BRR,The Brothers' War Retro Artifacts,76,foil,rare,1,75952,5e161489-ecfb-4018-a907-fd4d11cd3bfb,16.44,false,false,near_mint,en,CAD
Grinding Station,5DN,Fifth Dawn,127,normal,uncommon,1,29368,df1df511-b52c-45cd-9503-ffce4271a802,26.03,false,false,near_mint,en,CAD
Mishra's Bauble,BRR,The Brothers' War Retro Artifacts,34,foil,uncommon,1,75710,b02452bb-a049-4e86-ba2c-135803caa03d,4.1,false,false,near_mint,en,CAD
Urza's Bauble,ICE,Ice Age,343,normal,uncommon,1,39466,58c9e9a7-e170-4361-b7d5-22fc0771c489,13.01,false,false,near_mint,en,CAD
Vedalken Orrery,2X2,Double Masters 2022,568,etched,rare,1,70571,e60306d4-3705-4bcc-84da-4787a65737b7,31.51,false,false,near_mint,en,CAD
Elixir of Immortality,M11,Magic 2011,206,normal,uncommon,1,21183,99bd4740-9b1f-40a6-a14d-2c0d642b848b,1.36,false,false,near_mint,en,CAD
Cloudstone Curio,LTC,Tales of Middle-earth Commander,349,foil,mythic,1,83355,a1f3fc27-b3ea-476c-be23-f1c30ef27f96,16.44,false,false,near_mint,en,CAD
Aetherflux Reservoir,KLD,Kaladesh,192,normal,rare,1,7451,96b6b2e1-c3e6-464c-8a13-b15deb34e862,41.11,false,false,near_mint,en,CAD
Unwinding Clock,NPH,New Phyrexia,164,normal,rare,1,19721,495d520b-7560-4ecb-ae62-143eeec5682f,38.37,false,false,near_mint,en,CAD
Open the Armory,CMR,Commander Legends,34,normal,uncommon,1,56097,6db45698-9da9-4cea-b9bf-0f84ab276b51,5.04,false,false,near_mint,en,CAD
Armageddon,4ED,Fourth Edition,5,normal,rare,1,40182,0794bc35-a8e1-4268-87b2-af5483ca6e5e,19.61,false,false,near_mint,en,CAD
Depopulate,SNC,Streets of New Capenna,10,normal,rare,1,67996,c53c1898-9107-4bf8-b249-d0502fb9596d,0.32,false,false,near_mint,en,CAD
Silence,M14,Magic 2014,35,foil,rare,1,16016,1c2b13b1-31f0-4676-88a7-53f3a190e9a2,32.97,false,false,near_mint,en,CAD
Surge of Salvation,MOM,March of the Machine,41,foil,uncommon,1,81059,41d25ee5-0348-4206-bb6a-ccb0a599ac87,1.16,false,false,near_mint,en,CAD
Enlightened Tutor,PAL00,Arena League 2000,6,foil,rare,1,33906,4d682f2d-cefa-451f-b58c-2d3c96de23f8,198.32,false,false,near_mint,en,CAD
Unwanted Remake,DSK,Duskmourn: House of Horror,306,foil,uncommon,1,98664,be897dda-8603-4264-a022-87870f635b40,0.39,false,false,near_mint,en,CAD
Final Showdown,OTJ,Outlaws of Thunder Junction,11,normal,mythic,1,93118,358968f9-45bd-4022-b6bc-f1f7e0adf0e7,4.96,false,false,near_mint,en,CAD
Angel's Grace,PTSR,Time Spiral Remastered Promos,4p,foil,rare,1,92997,48f06104-ee08-4935-a1d9-08f36542705a,45.51,false,false,near_mint,en,CAD
Orim's Chant,MH3,Modern Horizons 3,265,foil,rare,1,94265,ee241079-1e5a-4224-b9cb-4fd3e0da687c,7.82,false,false,near_mint,en,CAD
Galadriel's Dismissal,LTC,Tales of Middle-earth Commander,500,foil,rare,1,86415,2d1c66a7-a39e-4869-80c7-1cec89777e0d,28.45,false,false,near_mint,en,CAD
Soul Partition,BRO,The Brothers' War,26,foil,rare,1,75354,28bb8ec0-9729-4aa1-8ce4-a3a5598b0d70,0.68,false,false,near_mint,en,CAD
Slip On the Ring,LTR,The Lord of the Rings: Tales of Middle-earth,31,foil,common,1,82961,2e20c2b8-ffe3-4d14-8588-f89719358e3d,0.34,false,false,near_mint,en,CAD
Reprieve,LTR,The Lord of the Rings: Tales of Middle-earth,26,foil,uncommon,1,82902,1bd3fa8a-6c50-4f7f-9ae3-0810eec5e3db,1.92,false,false,near_mint,en,CAD
Cosmic Intervention,KHC,Kaldheim Commander,3,normal,rare,1,56985,933c4a54-5c3a-496b-aa35-edf791155d8d,8.21,false,false,near_mint,en,CAD
Gods Willing,2X2,Double Masters 2022,12,foil,common,1,70575,e8181eee-c03b-40db-aea1-24a4b34a4785,0.2,false,false,near_mint,en,CAD
Heliod's Intervention,THB,Theros Beyond Death,300,foil,rare,1,46762,6c0674c3-4e6c-4dbb-a4b0-a5607fcfc3f1,15.9,false,false,near_mint,en,CAD
Pull from Eternity,PLST,The List,TSP-35,foil,uncommon,1,47527,601bf68d-f3ea-4b45-b6dd-59bd507086f6,3.02,false,false,near_mint,en,CAD
Reciprocate,CHK,Champions of Kamigawa,40,foil,uncommon,1,29186,f6c835f8-9269-4950-95c9-125d58b7b19e,4.99,false,false,near_mint,en,CAD
Ephemerate,MH1,Modern Horizons,7,normal,common,1,44927,2da5f3f8-5eef-498f-ba2c-2f3fbc3745aa,6.28,false,false,near_mint,en,CAD
March of Otherworldly Light,NEO,Kamigawa: Neon Dynasty,28,normal,rare,1,66707,553fb946-2706-475b-89f9-e4355ec9ea2b,1.12,false,false,near_mint,en,CAD
Generous Gift,SLD,Secret Lair Drop,369,normal,rare,1,61225,96d4e224-e630-4696-85ef-cf42f9d03ca5,45.35,false,false,near_mint,en,CAD
Unbreakable Formation,SLD,Secret Lair Drop,310,foil,rare,1,59981,07af73d7-5d8e-4c64-91f0-1ecc35b57024,4.06,false,false,near_mint,en,CAD
Apostle's Blessing,MM2,Modern Masters 2015,8,normal,common,1,11209,fdfbc07e-d726-4d42-9394-6aa0f5fc3a3a,0.22,false,false,near_mint,en,CAD
Momentary Blink,DMR,Dominaria Remastered,268,normal,common,1,77871,3dfd5aa4-b920-4aff-ba0d-2d4777ebbf66,0.18,false,false,near_mint,en,CAD
Eerie Interlude,KHC,Kaldheim Commander,22,normal,rare,1,57218,4ba9f15f-00d2-4797-9228-91b320e85705,15.74,false,false,near_mint,en,CAD
Path to Exile,SLD,Secret Lair Drop,226,foil,rare,1,64698,4e2fe951-4820-4555-8cee-621c66ed8620,22.26,false,false,near_mint,en,CAD
Teferi's Protection,2X2,Double Masters 2022,343,normal,rare,1,70433,aab08707-1599-4b3f-9be1-363dfe4ecdbe,55.29,false,false,near_mint,en,CAD
Sejiri Shelter // Sejiri Glacier,ZNR,Zendikar Rising,37,foil,uncommon,1,54817,f25d56f9-aa54-4657-9ac9-e93fbba3e715,2.96,false,false,near_mint,en,CAD
Return to Dust,CMM,Commander Masters,628,normal,uncommon,1,84797,ba852b68-eeb7-4023-898c-0722a82d4cff,0.32,false,false,near_mint,en,CAD
Felidar Guardian,SLD,Secret Lair Drop,1487★,foil,rare,1,91620,867e19dd-53f9-484c-9ece-1401e2a219a6,55.95,false,false,near_mint,en,CAD
Stoneforge Mystic,2XM,Double Masters,337,foil,rare,1,52066,eb49805c-8546-463d-b78c-f4ea109851b4,71.28,false,false,near_mint,en,CAD
Grand Abolisher,SLD,Secret Lair Drop,1285,foil,rare,1,82178,120139f9-3dc5-482f-a70c-7c6a4f264c19,38.58,false,false,near_mint,en,CAD
Archivist of Oghma,CLB,Commander Legends: Battle for Baldur's Gate,4,foil,rare,1,69379,f6589e02-8c84-4069-88d1-ebcc8520cae1,9.56,false,false,near_mint,en,CAD
Containment Priest,M21,Core Set 2021,314,normal,rare,1,51016,d51bacdd-040e-45f7-9256-85f93801a10e,0.97,false,false,near_mint,en,CAD
Karmic Guide,MH2,Modern Horizons 2,263,normal,rare,1,59677,915b4638-b1ec-4045-80e6-f05fb1e2a87c,1.27,false,false,near_mint,en,CAD
Archon of Emeria,ZNR,Zendikar Rising,315,foil,rare,1,54549,530ed3d8-d176-44c8-ba54-f2536ceeb497,3.45,false,false,near_mint,en,CAD
Skyclave Apparition,ZNR,Zendikar Rising,39,normal,rare,1,54716,b83cfbaa-7890-4f6f-878b-4edb45677371,0.45,false,false,near_mint,en,CAD
Metastatic Evangel,MH3,Modern Horizons 3,393,normal,uncommon,1,94785,9ae7ef64-9223-4c5d-bb2f-8a9f033729ec,0.85,false,false,near_mint,en,CAD
Aven Mindcensor,PLG21,Love Your LGS 2021,1,foil,rare,1,59996,508c8a22-a11a-42e3-9968-b0ced52ed3f5,0.72,false,false,near_mint,en,CAD
Crested Sunmare,SLD,Secret Lair Drop,1228,foil,mythic,1,79010,6b17f101-0df2-4b33-b818-90c77c69ef23,20.87,false,false,near_mint,en,CAD
Drannith Magistrate,IKO,Ikoria: Lair of Behemoths,314,foil,rare,1,49763,adaf8f6a-9559-4b47-8e67-2c4c3d6d8c60,58.79,false,false,near_mint,en,CAD
Veteran Armorer,MMA,Modern Masters,34,foil,common,1,16275,026aaea6-ed4f-4505-9779-7c28ff6c2284,0.19,false,false,near_mint,en,CAD
Ward Sliver,SLD,Secret Lair Drop,617,foil,rare,1,71111,ae79337a-cb6d-44cd-a1c9-c2c4cd698011,3.0,false,false,near_mint,en,CAD
Vizier of Remedies,AKH,Amonkhet,38,normal,uncommon,1,5647,36ab760e-93e0-4dbc-aaa1-02316f62ed3f,0.38,false,false,near_mint,en,CAD
Essence Sliver,SLD,Secret Lair Drop,612,foil,rare,1,75231,738bba27-b9cf-4fac-ae70-384799da04df,12.96,false,false,near_mint,en,CAD
Disciple of Caelus Nin,BRC,The Brothers' War Commander,41,normal,rare,1,75836,e001d843-3a1b-4669-b3b7-c7d1f67b617e,0.23,false,false,near_mint,en,CAD
Doorkeeper Thrull,MKM,Murders at Karlov Manor,13,normal,rare,1,91007,80a1cd28-d2a5-4d1a-aa03-a6a5958ae432,1.47,false,false,near_mint,en,CAD
Academy Rector,UDS,Urza's Destiny,1,normal,rare,1,34844,4367bc78-0912-4abd-8edd-bc792558d01a,91.9,false,false,near_mint,en,CAD
Field Marshal,SLD,Secret Lair Drop,1168,foil,rare,1,77208,0b81e16f-8e5c-42e2-9d4e-220eb3b4aa38,16.65,false,false,near_mint,en,CAD
Ethersworn Canonist,2XM,Double Masters,14,normal,rare,1,51985,abc8e0f8-fdb9-4f24-a3e3-439f6cc3ebdc,7.36,false,false,near_mint,en,CAD
Auriok Salvagers,2XM,Double Masters,6,foil,uncommon,1,52006,befb996b-1da6-41a3-8d9a-a45c2353c401,0.37,false,false,near_mint,en,CAD
Selfless Spirit,CLB,Commander Legends: Battle for Baldur's Gate,706,normal,rare,1,69711,ef8d8d0c-cb0e-4745-a0fb-d556c9324428,2.18,false,false,near_mint,en,CAD
Magus of the Balance,CLB,Commander Legends: Battle for Baldur's Gate,699,normal,rare,1,69697,e63074e4-2c4c-411c-b320-c90d3a4a96d0,0.16,false,false,near_mint,en,CAD
Sidewinder Sliver,SLD,Secret Lair Drop,615,foil,rare,1,78290,84505a4e-5715-4731-9831-0107ff79ae05,1.83,false,false,near_mint,en,CAD
Reveillark,CM2,Commander Anthology Volume II,35,normal,rare,1,1702,95464df9-71eb-4cb7-9d93-6f07ba318ff8,0.76,false,false,near_mint,en,CAD
Seeker of the Way,2X2,Double Masters 2022,341,foil,common,1,70293,6dbb79bb-657d-469d-b3f2-381a82891ccc,0.28,false,false,near_mint,en,CAD
Windborn Muse,C21,Commander 2021,111,normal,rare,1,58541,357a838a-80af-42ec-8e33-27beec5ce140,0.82,false,false,near_mint,en,CAD
Dauntless Dismantler,LCI,The Lost Caverns of Ixalan,8,normal,uncommon,1,88424,3d771631-0aab-4f09-b9a6-49b6b2d8d2aa,0.14,false,false,near_mint,en,CAD
Alms Collector,SLD,Secret Lair Drop,1227,foil,rare,1,79021,da88239e-1155-4657-9685-ab3f323672ea,19.33,false,false,near_mint,en,CAD
Mother of Runes,SLD,Secret Lair Drop,296,foil,rare,1,60004,8bdb0349-a759-473e-a192-7ca85ef8e515,14.75,false,false,near_mint,en,CAD
Sunblast Angel,SLD,Secret Lair Drop,1290,foil,rare,1,82197,99aad0c2-1df3-4043-8aba-e9cbb9bd5c85,3.38,false,false,near_mint,en,CAD
Flickerwisp,2X2,Double Masters 2022,339,normal,uncommon,1,70423,a595d04e-4cdb-49d1-a323-7b6d1e3ccbe9,1.65,false,false,near_mint,en,CAD
Hushwing Gryff,M15,Magic 2015,15,foil,rare,1,13837,7b44eb0d-5a3a-4624-aee4-11d6978fb4b0,1.22,false,false,near_mint,en,CAD
Kor Cartographer,KHC,Kaldheim Commander,28,normal,common,1,57227,6226b346-ca4c-45ea-871c-1a8fb7f9be0d,0.19,false,false,near_mint,en,CAD
Magus of the Tabernacle,PLC,Planar Chaos,8,normal,rare,1,26526,dd520f8c-93fb-4cf3-8dd5-d05abbd86c74,2.16,false,false,near_mint,en,CAD
Blessed Hippogriff // Tyr's Blessing,CLB,Commander Legends: Battle for Baldur's Gate,11,normal,common,1,69240,b4590e53-ca8d-4896-a8cf-6af1e4bc456f,0.07,false,false,near_mint,en,CAD
Thraben Inspector,2XM,Double Masters,35,foil,common,1,51848,2be39749-ad6f-4160-99eb-c677eee7f1b2,0.35,false,false,near_mint,en,CAD
Sunscape Familiar,PLS,Planeshift,17,normal,common,1,32935,9621f341-bf85-4b77-bf19-2fb013b4c955,2.38,false,false,near_mint,en,CAD
Cloudsteel Kirin,NEO,Kamigawa: Neon Dynasty,364,foil,rare,1,66581,9ace38c6-2cc8-4f72-8276-eb02aa6773e0,1.42,false,false,near_mint,en,CAD
Auramancer,M14,Magic 2014,6,normal,common,1,16045,0a3dc4ab-1c45-4495-91b6-27d62087380c,0.08,false,false,near_mint,en,CAD
Mirror Entity,CLB,Commander Legends: Battle for Baldur's Gate,701,normal,rare,1,69483,3d9149ed-0e59-48b3-b48c-d5ea77b7239e,1.53,false,false,near_mint,en,CAD
Raffine's Informant,SNC,Streets of New Capenna,26,normal,common,1,67742,4e64ff87-2099-4360-94f6-164277b7b514,0.19,false,false,near_mint,en,CAD
Order of Whiteclay,CLB,Commander Legends: Battle for Baldur's Gate,703,normal,rare,1,69417,0caaa62f-4959-4321-a2d5-dc255f1e5eaf,0.34,false,false,near_mint,en,CAD
Suture Priest,NPH,New Phyrexia,25,normal,common,1,19860,31432e98-86cd-42ea-ad37-eb4383dc6a81,1.85,false,false,near_mint,en,CAD
Selfless Samurai,NEO,Kamigawa: Neon Dynasty,312,normal,uncommon,1,66564,82f1ade5-06ff-41ab-9a68-bf901959b01f,0.15,false,false,near_mint,en,CAD
Angel of Finality,KHC,Kaldheim Commander,17,normal,rare,1,57290,fef86cfe-6e4a-4ff7-bb6d-914d8c1e0782,0.26,false,false,near_mint,en,CAD
Steel Seraph,BRO,The Brothers' War,311,normal,rare,1,75523,6a4a0d3d-58a7-42e3-923b-cc14b85716f6,1.69,false,false,near_mint,en,CAD
Samurai of the Pale Curtain,CHK,Champions of Kamigawa,43,normal,uncommon,1,29183,ead15cf8-f692-4cb9-ac86-0dff00236145,0.68,false,false,near_mint,en,CAD
Rumor Gatherer,SNC,Streets of New Capenna,29,normal,uncommon,1,68087,f8b87807-cac5-4e33-a8ed-a9ced0cd83a1,0.41,false,false,near_mint,en,CAD
Leonin Relic-Warder,MBS,Mirrodin Besieged,10,normal,uncommon,1,20131,dd0900e1-df78-466d-b747-33f22c273d67,0.28,false,false,near_mint,en,CAD
Lion Sash,NEO,Kamigawa: Neon Dynasty,26,normal,rare,1,66354,3e1766e9-2fa7-4446-a255-7beea1467ece,2.83,false,false,near_mint,en,CAD
Weathered Wayfarer,2X2,Double Masters 2022,425,etched,rare,1,70202,499ac8a0-9f1a-4ece-a1b3-b175bb1e8486,8.98,false,false,near_mint,en,CAD
Emeria Angel,ZNC,Zendikar Rising Commander,15,normal,rare,1,55376,491c6b65-244e-4146-9fbc-6eb00e78e1b7,0.7,false,false,near_mint,en,CAD
Alseid of Life's Bounty,THB,Theros Beyond Death,1,normal,uncommon,1,47061,36c8c075-9597-412e-9fc4-9d73b4405d12,0.46,false,false,near_mint,en,CAD
Auriok Steelshaper,MRD,Mirrodin,4,normal,rare,1,30041,4dd09c01-5a77-4992-96ae-c395a5966a92,1.11,false,false,near_mint,en,CAD
Glorious Protector,CLB,Commander Legends: Battle for Baldur's Gate,695,normal,rare,1,69486,3e63385a-e32f-4abc-aff6-bb022b2f56f7,0.19,false,false,near_mint,en,CAD
Puresteel Paladin,2XM,Double Masters,26,normal,rare,1,51940,8abcc2e6-82e7-4cc5-8956-05dd617e3e7d,8.22,false,false,near_mint,en,CAD
Mentor of the Meek,2X2,Double Masters 2022,340,normal,uncommon,1,70402,9b974f99-28d0-4cd5-87a7-3f9661ddd1b4,0.77,false,false,near_mint,en,CAD
Serra Ascendant,SLD,Secret Lair Drop,1125,foil,rare,1,77556,dddf66f9-a98a-4edf-831d-68b68065d75d,60.87,false,false,near_mint,en,CAD
Selfless Savior,SLD,Secret Lair Drop,732,foil,rare,1,82697,276b4316-e5f2-40a4-8d7a-a7d7059ebfad,3.69,false,false,near_mint,en,CAD
Aven Interrupter,OTJ,Outlaws of Thunder Junction,4,normal,rare,1,93360,d3ca43a4-d194-440f-8099-f1fa103a108d,5.09,false,false,near_mint,en,CAD
Sanctum Prelate,MH2,Modern Horizons 2,491,foil,mythic,1,59015,a9839e4e-94dd-4087-b7a9-3089f1828397,0.74,false,false,near_mint,en,CAD
Galepowder Mage,CLB,Commander Legends: Battle for Baldur's Gate,694,normal,rare,1,69452,222b4c5a-2cd0-4851-9f2f-8685a658ebb4,0.23,false,false,near_mint,en,CAD
Guardian of Faith,AFR,Adventures in the Forgotten Realms,18,normal,rare,1,60141,08e3dda1-a1d3-48c9-8c81-da7eae20ac8a,4.83,false,false,near_mint,en,CAD
Relic Seeker,ORI,Magic Origins,29,normal,rare,1,10913,60a4b00c-5bd5-4931-be05-121f09a3fae4,0.35,false,false,near_mint,en,CAD
Sun Titan,SLC,Secret Lair Countdown,2010,foil,mythic,1,75255,cf7a1b53-09ed-4206-8de5-ead09883af2f,13.19,false,false,near_mint,en,CAD
Wall of Omens,SLD,Secret Lair Drop,1518★,foil,rare,1,91622,9de38a06-7b5d-4358-99da-3266186c0144,6.99,false,false,near_mint,en,CAD
"Now for Wrath, Now for Ruin!",LTR,The Lord of the Rings: Tales of Middle-earth,24,foil,common,1,83475,c2e2c80d-7581-46ba-8237-7886b91c19b3,0.19,false,false,near_mint,en,CAD
Prismatic Ending,MH2,Modern Horizons 2,25,foil,uncommon,1,59645,825969b9-3c70-4fca-8cab-696e9ca7cdb2,1.03,false,false,near_mint,en,CAD
Day of Judgment,STA,Strixhaven Mystical Archive,2,normal,mythic,1,58115,5bf85d00-52cc-4594-b4fd-5ec424210524,5.37,false,false,near_mint,ja,CAD